1,kostya00
1,vitya01
1,usertest02
2,vitya01
2,usertest02
2,usertest03
3,usertest02
3,usertest03
4,usertest04
4,usertest05
4,usertest06
4,usertest07
11,kostya00
11,vitya01
11,usertest02
12,vitya01
12,usertest02
12,usertest03
13,usertest02
13,usertest03
14,usertest04
14,usertest05
14,usertest06
14,usertest07
21,kostya00
21,vitya01
21,usertest02
22,vitya01
22,usertest02
22,usertest03
23,usertest02
23,usertest03
24,usertest04
24,usertest05
24,usertest06
24,usertest07
31,kostya00
31,vitya01
31,usertest02
32,vitya01
32,usertest02
32,usertest03
33,usertest02
33,usertest03
34,usertest04
34,usertest05
34,usertest06
34,usertest07
41,kostya00
41,vitya01
41,usertest02
42,vitya01
42,usertest02
42,usertest03
43,usertest02
43,usertest03
44,usertest04
44,usertest05
44,usertest06
44,usertest07
51,kostya00
51,vitya01
51,usertest02
52,vitya01
52,usertest02
52,usertest03
53,usertest02
53,usertest03
54,usertest04
54,usertest05
54,usertest06
54,usertest07
61,kostya00
61,vitya01
61,usertest02
62,vitya01
62,usertest02
62,usertest03
63,usertest02
63,usertest03
64,usertest04
64,usertest05
64,usertest06
64,usertest07
71,kostya00
71,vitya01
71,usertest02
72,vitya01
72,usertest02
72,usertest03
73,usertest02
73,usertest03
74,usertest04
74,usertest05
74,usertest06
74,usertest07
