3,kostya00
3,vitya01
3,usertest02
4,vitya01
4,usertest02
4,usertest03
5,usertest02
5,usertest03
6,usertest04
6,usertest05
6,usertest06
6,usertest07
13,kostya00
13,vitya01
13,usertest02
14,vitya01
14,usertest02
14,usertest03
15,usertest02
15,usertest03
16,usertest04
16,usertest05
16,usertest06
16,usertest07
23,kostya00
23,vitya01
23,usertest02
24,vitya01
24,usertest02
24,usertest03
25,usertest02
25,usertest03
26,usertest04
26,usertest05
26,usertest06
26,usertest07
33,kostya00
33,vitya01
33,usertest02
34,vitya01
