kostya00,kostya00@user.user,Костя,Костин,Easypass.321
vitya01,vitya01@user.user,Витя,Витин,Easypass.321
usertest02,usertest02@user.user,Юзер02,Юзеровин02,Easypass.321
usertest03,usertest03@user.user,Юзер03,Юзеровин03,Easypass.321
usertest04,usertest04@user.user,Юзер04,Юзеровин04,Easypass.321
usertest05,usertest05@user.user,Юзер05,Юзеровин05,Easypass.321
usertest06,usertest06@user.user,Юзер06,Юзеровин06,Easypass.321
usertest07,usertest07@user.user,Юзер07,Юзеровин07,Easypass.321
usertest08,usertest08@user.user,Юзер08,Юзеровин08,Easypass.321
usertest09,usertest09@user.user,Юзер09,Юзеровин09,Easypass.321
